[{"model": "auth.permission", "pk": 1, "fields": {"name": "Can add log entry", "content_type": 1, "codename": "add_logentry"}}, {"model": "auth.permission", "pk": 2, "fields": {"name": "Can change log entry", "content_type": 1, "codename": "change_logentry"}}, {"model": "auth.permission", "pk": 3, "fields": {"name": "Can delete log entry", "content_type": 1, "codename": "delete_logentry"}}, {"model": "auth.permission", "pk": 4, "fields": {"name": "Can view log entry", "content_type": 1, "codename": "view_logentry"}}, {"model": "auth.permission", "pk": 5, "fields": {"name": "Can add permission", "content_type": 2, "codename": "add_permission"}}, {"model": "auth.permission", "pk": 6, "fields": {"name": "Can change permission", "content_type": 2, "codename": "change_permission"}}, {"model": "auth.permission", "pk": 7, "fields": {"name": "Can delete permission", "content_type": 2, "codename": "delete_permission"}}, {"model": "auth.permission", "pk": 8, "fields": {"name": "Can view permission", "content_type": 2, "codename": "view_permission"}}, {"model": "auth.permission", "pk": 9, "fields": {"name": "Can add group", "content_type": 3, "codename": "add_group"}}, {"model": "auth.permission", "pk": 10, "fields": {"name": "Can change group", "content_type": 3, "codename": "change_group"}}, {"model": "auth.permission", "pk": 11, "fields": {"name": "Can delete group", "content_type": 3, "codename": "delete_group"}}, {"model": "auth.permission", "pk": 12, "fields": {"name": "Can view group", "content_type": 3, "codename": "view_group"}}, {"model": "auth.permission", "pk": 13, "fields": {"name": "Can add content type", "content_type": 4, "codename": "add_contenttype"}}, {"model": "auth.permission", "pk": 14, "fields": {"name": "Can change content type", "content_type": 4, "codename": "change_contenttype"}}, {"model": "auth.permission", "pk": 15, "fields": {"name": "Can delete content type", "content_type": 4, "codename": "delete_contenttype"}}, {"model": "auth.permission", "pk": 16, "fields": {"name": "Can view content type", "content_type": 4, "codename": "view_contenttype"}}, {"model": "auth.permission", "pk": 17, "fields": {"name": "Can add session", "content_type": 5, "codename": "add_session"}}, {"model": "auth.permission", "pk": 18, "fields": {"name": "Can change session", "content_type": 5, "codename": "change_session"}}, {"model": "auth.permission", "pk": 19, "fields": {"name": "Can delete session", "content_type": 5, "codename": "delete_session"}}, {"model": "auth.permission", "pk": 20, "fields": {"name": "Can view session", "content_type": 5, "codename": "view_session"}}, {"model": "auth.permission", "pk": 21, "fields": {"name": "Can add Token", "content_type": 6, "codename": "add_token"}}, {"model": "auth.permission", "pk": 22, "fields": {"name": "Can change Token", "content_type": 6, "codename": "change_token"}}, {"model": "auth.permission", "pk": 23, "fields": {"name": "Can delete Token", "content_type": 6, "codename": "delete_token"}}, {"model": "auth.permission", "pk": 24, "fields": {"name": "Can view Token", "content_type": 6, "codename": "view_token"}}, {"model": "auth.permission", "pk": 25, "fields": {"name": "Can add token", "content_type": 7, "codename": "add_tokenproxy"}}, {"model": "auth.permission", "pk": 26, "fields": {"name": "Can change token", "content_type": 7, "codename": "change_tokenproxy"}}, {"model": "auth.permission", "pk": 27, "fields": {"name": "Can delete token", "content_type": 7, "codename": "delete_tokenproxy"}}, {"model": "auth.permission", "pk": 28, "fields": {"name": "Can view token", "content_type": 7, "codename": "view_tokenproxy"}}, {"model": "auth.permission", "pk": 29, "fields": {"name": "Can add user", "content_type": 8, "codename": "add_customuser"}}, {"model": "auth.permission", "pk": 30, "fields": {"name": "Can change user", "content_type": 8, "codename": "change_customuser"}}, {"model": "auth.permission", "pk": 31, "fields": {"name": "Can delete user", "content_type": 8, "codename": "delete_customuser"}}, {"model": "auth.permission", "pk": 32, "fields": {"name": "Can view user", "content_type": 8, "codename": "view_customuser"}}, {"model": "auth.permission", "pk": 33, "fields": {"name": "Can add player profile", "content_type": 9, "codename": "add_playerprofile"}}, {"model": "auth.permission", "pk": 34, "fields": {"name": "Can change player profile", "content_type": 9, "codename": "change_playerprofile"}}, {"model": "auth.permission", "pk": 35, "fields": {"name": "Can delete player profile", "content_type": 9, "codename": "delete_playerprofile"}}, {"model": "auth.permission", "pk": 36, "fields": {"name": "Can view player profile", "content_type": 9, "codename": "view_playerprofile"}}, {"model": "auth.permission", "pk": 37, "fields": {"name": "Can add coach profile", "content_type": 10, "codename": "add_coachprofile"}}, {"model": "auth.permission", "pk": 38, "fields": {"name": "Can change coach profile", "content_type": 10, "codename": "change_coachprofile"}}, {"model": "auth.permission", "pk": 39, "fields": {"name": "Can delete coach profile", "content_type": 10, "codename": "delete_coachprofile"}}, {"model": "auth.permission", "pk": 40, "fields": {"name": "Can view coach profile", "content_type": 10, "codename": "view_coachprofile"}}, {"model": "auth.permission", "pk": 41, "fields": {"name": "Can add group", "content_type": 11, "codename": "add_group"}}, {"model": "auth.permission", "pk": 42, "fields": {"name": "Can change group", "content_type": 11, "codename": "change_group"}}, {"model": "auth.permission", "pk": 43, "fields": {"name": "Can delete group", "content_type": 11, "codename": "delete_group"}}, {"model": "auth.permission", "pk": 44, "fields": {"name": "Can view group", "content_type": 11, "codename": "view_group"}}, {"model": "contenttypes.contenttype", "pk": 1, "fields": {"app_label": "admin", "model": "logentry"}}, {"model": "contenttypes.contenttype", "pk": 2, "fields": {"app_label": "auth", "model": "permission"}}, {"model": "contenttypes.contenttype", "pk": 3, "fields": {"app_label": "auth", "model": "group"}}, {"model": "contenttypes.contenttype", "pk": 4, "fields": {"app_label": "contenttypes", "model": "contenttype"}}, {"model": "contenttypes.contenttype", "pk": 5, "fields": {"app_label": "sessions", "model": "session"}}, {"model": "contenttypes.contenttype", "pk": 6, "fields": {"app_label": "authtoken", "model": "token"}}, {"model": "contenttypes.contenttype", "pk": 7, "fields": {"app_label": "authtoken", "model": "tokenproxy"}}, {"model": "contenttypes.contenttype", "pk": 8, "fields": {"app_label": "accounts", "model": "customuser"}}, {"model": "contenttypes.contenttype", "pk": 9, "fields": {"app_label": "accounts", "model": "playerprofile"}}, {"model": "contenttypes.contenttype", "pk": 10, "fields": {"app_label": "accounts", "model": "coachprofile"}}, {"model": "contenttypes.contenttype", "pk": 11, "fields": {"app_label": "accounts", "model": "group"}}, {"model": "authtoken.token", "pk": "7383c85975ebf530ecd295202a6e49f973428c40", "fields": {"user": 1, "created": "2025-06-30T01:16:52.832Z"}}, {"model": "authtoken.token", "pk": "811c1785bc055895790ea25eaa67c27c57d32151", "fields": {"user": 8, "created": "2025-07-05T02:37:33.584Z"}}, {"model": "authtoken.token", "pk": "837f989f9f097303ffc9d2382380256443dc17ff", "fields": {"user": 3, "created": "2025-06-30T01:58:43.575Z"}}, {"model": "authtoken.token", "pk": "944ec0e9053b7318796cac6eae86372c6f9a49ae", "fields": {"user": 7, "created": "2025-07-05T02:29:34.020Z"}}, {"model": "authtoken.token", "pk": "9710eb88bfbf30c5c375b0b53011b4725bad5398", "fields": {"user": 26, "created": "2025-11-03T02:02:22.063Z"}}, {"model": "authtoken.token", "pk": "abeb2ea2a3da688b457a5aebb1e27c903578c6ca", "fields": {"user": 2, "created": "2025-06-30T01:31:24.824Z"}}, {"model": "authtoken.token", "pk": "b528df89a3d73c4b69bbafa65f571765b07d1a48", "fields": {"user": 5, "created": "2025-07-04T18:02:03.951Z"}}, {"model": "authtoken.token", "pk": "ba230513ed9c878ff669b5b3eef45cefb88d4794", "fields": {"user": 27, "created": "2025-11-03T02:05:43.745Z"}}, {"model": "authtoken.token", "pk": "c3830523042c556984dab8032cf9e5bf2ece6faa", "fields": {"user": 6, "created": "2025-07-05T01:21:27.836Z"}}, {"model": "authtoken.token", "pk": "cc6f458b34c57d8d656454152a51334f37991912", "fields": {"user": 24, "created": "2025-07-08T02:04:39.185Z"}}, {"model": "authtoken.token", "pk": "d591dedf2c300362bf1e1a6fcf4d2c2d2af2247a", "fields": {"user": 25, "created": "2025-11-03T01:53:32.876Z"}}, {"model": "authtoken.token", "pk": "dd45a762635dc33213c30651998063186adcb5b3", "fields": {"user": 21, "created": "2025-07-07T19:31:15.010Z"}}, {"model": "authtoken.token", "pk": "f209d402b7c76e10993cb830cd21238404653efb", "fields": {"user": 15, "created": "2025-07-07T01:14:07.769Z"}}, {"model": "authtoken.token", "pk": "fcb389d69d05ac991bac398622a3d13d2dc2745d", "fields": {"user": 4, "created": "2025-06-30T03:07:13.881Z"}}, {"model": "accounts.customuser", "pk": 1, "fields": {"password": "pbkdf2_sha256$260000$lHqJWb6rXxK5PhCIU3dxtt$Cg7e92f65nVqlU4aK8dIqqCom4d0cIXAOGa/Tjkjb1A=", "last_login": null, "is_superuser": false, "username": "admin_test1", "first_name": "Admin", "last_name": "User", "is_staff": false, "is_active": true, "date_joined": "2025-06-30T01:16:52.811Z", "role": "admin", "phone": "12345678", "club": "MyClub", "email": "admin@example.com", "groups": [], "user_permissions": []}}, {"model": "accounts.customuser", "pk": 2, "fields": {"password": "pbkdf2_sha256$260000$o7u8LvphPrLyaAOa6FaTNK$OEGXCvgM9gDuLVd++7HpJXvUtoiGoDC3zsove3cUf9E=", "last_login": null, "is_superuser": false, "username": "hajri_islem", "first_name": "hajri", "last_name": "islem", "is_staff": false, "is_active": true, "date_joined": "2025-06-30T01:31:24.802Z", "role": "admin", "phone": "54360161", "club": "MyClub", "email": "islem.hajri96@gmail.com", "groups": [], "user_permissions": []}}, {"model": "accounts.customuser", "pk": 3, "fields": {"password": "pbkdf2_sha256$600000$Jb0aPuRjULG9jTM0gvlcDw$7qfm9Lgm2xi4YQX8vpgAd8dg97h3urYt9CSlNaYDWDk=", "last_login": null, "is_superuser": false, "username": "testuser", "first_name": "", "last_name": "", "is_staff": false, "is_active": true, "date_joined": "2025-06-30T01:58:43.555Z", "role": "admin", "phone": "+123456789", "club": "My Club", "email": "test@example.com", "groups": [], "user_permissions": []}}, {"model": "accounts.customuser", "pk": 4, "fields": {"password": "pbkdf2_sha256$260000$fjLqFq1nVAVWsARFderkoe$aTE87X0VhfYBdRMZVCNAZwYcuOq4nrG5F7QxSwZkKV8=", "last_login": null, "is_superuser": false, "username": "islem.hajri@gmail.com", "first_name": "Hajri", "last_name": "Islem", "is_staff": false, "is_active": true, "date_joined": "2025-06-30T03:07:13.862Z", "role": "admin", "phone": "54360161", "club": "curves and smiles", "email": "islem.hajri@gmail.com", "groups": [], "user_permissions": []}}, {"model": "accounts.customuser", "pk": 5, "fields": {"password": "pbkdf2_sha256$600000$UInKhof32STrl2OIdEzw1i$H1sGSg3n3PBGQVgitTRwE5kXXaBPxhMK1mlw56W0i2U=", "last_login": null, "is_superuser": false, "username": "testuser1", "first_name": "", "last_name": "", "is_staff": false, "is_active": true, "date_joined": "2025-07-04T18:02:03.922Z", "role": "admin", "phone": "+123456789", "club": "My Club", "email": "test1@example.com", "groups": [], "user_permissions": []}}, {"model": "accounts.customuser", "pk": 6, "fields": {"password": "pbkdf2_sha256$600000$3Hcmvc9tJ2yUQCnUSFHbTr$qYOXvvHwcWj7bzA2u4jBZH1GVq9x5PXd3i8asLodZ1I=", "last_login": null, "is_superuser": false, "username": "islem.hajri12@gmail.com", "first_name": "Hajri", "last_name": "Islem", "is_staff": false, "is_active": true, "date_joined": "2025-07-05T01:21:27.815Z", "role": "admin", "phone": "54360161", "club": "curves and smiles", "email": "islem.hajri12@gmail.com", "groups": [], "user_permissions": []}}, {"model": "accounts.customuser", "pk": 7, "fields": {"password": "pbkdf2_sha256$600000$nInx2mx7rl4sUimriP2lSr$0Do3aNRryDuzpx9tNRvRdk5kTYpF/v5M8vi+hsjPaK4=", "last_login": null, "is_superuser": false, "username": "testuser12", "first_name": "", "last_name": "", "is_staff": false, "is_active": true, "date_joined": "2025-07-05T02:29:33.997Z", "role": "admin", "phone": "+123456789", "club": "My Club", "email": "test12@example.com", "groups": [], "user_permissions": []}}, {"model": "accounts.customuser", "pk": 8, "fields": {"password": "pbkdf2_sha256$600000$4bWTuGJ26O3g0DQSlIc4Dy$YEAOQs4KDaQId3SaDniEtllBLfAR4FlizJ+R5dXVMjM=", "last_login": null, "is_superuser": false, "username": "testuser123", "first_name": "", "last_name": "", "is_staff": false, "is_active": true, "date_joined": "2025-07-05T02:37:33.559Z", "role": "admin", "phone": "+123456789", "club": "My Club", "email": "test123@example.com", "groups": [], "user_permissions": []}}, {"model": "accounts.customuser", "pk": 9, "fields": {"password": "pbkdf2_sha256$600000$8kIkbgY63HIHR0bux7D6ss$rrROrNfTaE57jY5RHD2A3jGAHW9gBhFpBtbRhquaPKE=", "last_login": null, "is_superuser": false, "username": "coach1", "first_name": "Ali", "last_name": "Ben Coach", "is_staff": false, "is_active": true, "date_joined": "2025-07-05T02:39:31.011Z", "role": "coach", "phone": "12345678", "club": "EspÚrance", "email": "coach1@example.com", "groups": [], "user_permissions": []}}, {"model": "accounts.customuser", "pk": 10, "fields": {"password": "pbkdf2_sha256$600000$af3W9t5Xy8njaF90pMrW7L$fbVtS5TO5bNPvO8YR3ZIt7bRruZU0k0EpsDxThOnHgY=", "last_login": null, "is_superuser": false, "username": "coach12", "first_name": "Ali", "last_name": "Ben Coach", "is_staff": false, "is_active": true, "date_joined": "2025-07-05T02:42:34.472Z", "role": "coach", "phone": "12345678", "club": "EspÚrance", "email": "coach123@example.com", "groups": [], "user_permissions": []}}, {"model": "accounts.customuser", "pk": 11, "fields": {"password": "pbkdf2_sha256$600000$L7M4HHX38UMZPMHpH5Laop$C4loZvaK+gpbSnOlb6Or6okzlmu0l/NeiFy3aBCHp3Q=", "last_login": null, "is_superuser": false, "username": "coach1234", "first_name": "Ali", "last_name": "Ben Coach", "is_staff": false, "is_active": true, "date_joined": "2025-07-05T02:44:45.893Z", "role": "coach", "phone": "12345678", "club": "EspÚrance", "email": "coach1234@example.com", "groups": [], "user_permissions": []}}, {"model": "accounts.customuser", "pk": 12, "fields": {"password": "pbkdf2_sha256$600000$1ZsvLOFu8eFbFkoz3hN0xo$6NZuV5xHu3F2hZNuEoqdPOWhIlcPaE9ZVrFaDImLcdY=", "last_login": null, "is_superuser": false, "username": "islem_hajri", "first_name": "", "last_name": "", "is_staff": false, "is_active": true, "date_joined": "2025-07-06T18:56:12.519Z", "role": "coach", "phone": "", "club": null, "email": "aaaa@gmail.com", "groups": [], "user_permissions": []}}, {"model": "accounts.customuser", "pk": 13, "fields": {"password": "pbkdf2_sha256$600000$iPQ1qIsc2gFmWNv07a5KDQ$DhgRi/1qhkM0ExmZDXoml86asyJcH4NrxHUFjafQ/6A=", "last_login": null, "is_superuser": false, "username": "hgdjskqh", "first_name": "", "last_name": "", "is_staff": false, "is_active": true, "date_joined": "2025-07-06T19:02:31.884Z", "role": "coach", "phone": "5423789", "club": null, "email": "sssss@gmail.com", "groups": [], "user_permissions": []}}, {"model": "accounts.customuser", "pk": 14, "fields": {"password": "pbkdf2_sha256$600000$HZXqtdSmyfrR6CkhNNLWVL$uaI2hXxURSvbJgNe9qugFDGpwl2O0YcZR+MgAuKDLs0=", "last_login": null, "is_superuser": false, "username": "hghgfhfgf", "first_name": "", "last_name": "", "is_staff": false, "is_active": true, "date_joined": "2025-07-06T19:29:26.636Z", "role": "coach", "phone": "54360161", "club": "curves and smiles", "email": "islem.hajri789@gmail.com", "groups": [], "user_permissions": []}}, {"model": "accounts.customuser", "pk": 15, "fields": {"password": "pbkdf2_sha256$600000$39iYVri38v7E8nCMkXb7kj$lSWLFDSb5kXDsOpPw6FsFrGr0kbobwnHp45PLSGgEkQ=", "last_login": null, "is_superuser": false, "username": "islemhaj", "first_name": "", "last_name": "", "is_staff": false, "is_active": true, "date_joined": "2025-07-07T01:13:09.849Z", "role": "coach", "phone": "", "club": "", "email": "islem.hajri159@gmail.com", "groups": [], "user_permissions": []}}, {"model": "accounts.customuser", "pk": 16, "fields": {"password": "pbkdf2_sha256$600000$GiNt7FxmjyZMDCSSf0Bdy8$C64tf6E8cx0kW25j6oB2N/Kg8/sle6FbgDFH/Cy8bFk=", "last_login": null, "is_superuser": false, "username": "test_player", "first_name": "", "last_name": "", "is_staff": false, "is_active": true, "date_joined": "2025-07-07T19:09:46.668Z", "role": "player", "phone": "", "club": null, "email": "player@example.com", "groups": [], "user_permissions": []}}, {"model": "accounts.customuser", "pk": 17, "fields": {"password": "pbkdf2_sha256$600000$ysj8ZkxXWhOebsGrXQ8PHh$3ot5NtNKpbc7EuvN6Qs75Q56R3qBTd3QP8b2BTPmPvU=", "last_login": null, "is_superuser": false, "username": "test_player12", "first_name": "", "last_name": "", "is_staff": false, "is_active": true, "date_joined": "2025-07-07T19:12:07.006Z", "role": "player", "phone": "", "club": null, "email": "player12@example.com", "groups": [], "user_permissions": []}}, {"model": "accounts.customuser", "pk": 18, "fields": {"password": "pbkdf2_sha256$600000$fGLVUfQuMN6HC6OBA5dVxq$EB2EGGwewM7MPgjEodqy0ptNeW0X+JuEj0z1tYU4l6M=", "last_login": null, "is_superuser": false, "username": "test_player123", "first_name": "", "last_name": "", "is_staff": false, "is_active": true, "date_joined": "2025-07-07T19:22:29.168Z", "role": "player", "phone": "", "club": null, "email": "player123@example.com", "groups": [], "user_permissions": []}}, {"model": "accounts.customuser", "pk": 19, "fields": {"password": "pbkdf2_sha256$600000$IxWg4jSOpvGMCSeVpCN4Co$lCs4WL4zdWa4OkMa+QIHIspBqq7SIOHeeCSQYpG6ncA=", "last_login": null, "is_superuser": false, "username": "test_player1234", "first_name": "", "last_name": "", "is_staff": false, "is_active": true, "date_joined": "2025-07-07T19:25:18.507Z", "role": "player", "phone": "", "club": null, "email": "player1234@example.com", "groups": [], "user_permissions": []}}, {"model": "accounts.customuser", "pk": 20, "fields": {"password": "pbkdf2_sha256$600000$hlhSEQqphHTXxHVPztArJO$HemTrcYDmRfiCQ4KnOpMDM5STS20l3+mhxQuRht5AuE=", "last_login": null, "is_superuser": false, "username": "test_player12345", "first_name": "", "last_name": "", "is_staff": false, "is_active": true, "date_joined": "2025-07-07T19:26:03.840Z", "role": "player", "phone": "", "club": null, "email": "player12345@example.com", "groups": [], "user_permissions": []}}, {"model": "accounts.customuser", "pk": 21, "fields": {"password": "pbkdf2_sha256$600000$Q18XVqLlf0Dq6y9t66j9NR$U22kqrzQy+/Z2B5SvX2pX1SsbsFqGvyPSrYOhwqWkuY=", "last_login": null, "is_superuser": false, "username": "test_player123451", "first_name": "", "last_name": "", "is_staff": false, "is_active": true, "date_joined": "2025-07-07T19:26:52.852Z", "role": "player", "phone": "", "club": null, "email": "player123451@example.com", "groups": [], "user_permissions": []}}, {"model": "accounts.customuser", "pk": 22, "fields": {"password": "pbkdf2_sha256$600000$dzTkzG9GvS8zGHewz16CzA$ObgpyFsXmP/04IwkN+/UJlAPP0dX2LVx17jz2y8GJwQ=", "last_login": null, "is_superuser": false, "username": "Isleaaam", "first_name": "", "last_name": "", "is_staff": false, "is_active": true, "date_joined": "2025-07-08T01:59:41.106Z", "role": "player", "phone": "54360161", "club": null, "email": "islem.hajri1515@gmail.com", "groups": [], "user_permissions": []}}, {"model": "accounts.customuser", "pk": 23, "fields": {"password": "pbkdf2_sha256$600000$KXWFxHaC6PfdjIAYpPSDRL$Lxwwq9jL61aFWLAE7lMJKiNlewpu2MJ9tBfHDNfoPa8=", "last_login": null, "is_superuser": false, "username": "Islaam", "first_name": "", "last_name": "", "is_staff": false, "is_active": true, "date_joined": "2025-07-08T02:02:17.171Z", "role": "player", "phone": "54360161", "club": null, "email": "islem.hajri1919@gmail.com", "groups": [], "user_permissions": []}}, {"model": "accounts.customuser", "pk": 24, "fields": {"password": "pbkdf2_sha256$600000$QthoHEbDMncquLERFkBLcz$FYW912mYCx/SMA8+EBd50ZyUqyCTZ9b5aCZHOUDbLwY=", "last_login": null, "is_superuser": false, "username": "Islaaam", "first_name": "", "last_name": "", "is_staff": false, "is_active": true, "date_joined": "2025-07-08T02:03:29.902Z", "role": "player", "phone": "54360161", "club": null, "email": "islem.hajri191919@gmail.com", "groups": [], "user_permissions": []}}, {"model": "accounts.customuser", "pk": 25, "fields": {"password": "pbkdf2_sha256$600000$XLQrdponPzgBArzZSoevW4$qCkqeBkhdpgp3F92zf7cakLPR4Ef8DkMa1wZ6QGLN5I=", "last_login": null, "is_superuser": false, "username": "raunaini@gmail.com", "first_name": "run", "last_name": "aini", "is_staff": false, "is_active": true, "date_joined": "2025-11-03T01:53:32.824Z", "role": "admin", "phone": "78945612", "club": "ruunaini", "email": "raunaini@gmail.com", "groups": [], "user_permissions": []}}, {"model": "accounts.customuser", "pk": 26, "fields": {"password": "pbkdf2_sha256$600000$imxuhxaQczG0HiomaWil7g$4xkLphHDGA7mkLxR0tkDnsSVheD2yktF7/KmgHUdE9o=", "last_login": null, "is_superuser": false, "username": "siislem", "first_name": "", "last_name": "", "is_staff": false, "is_active": true, "date_joined": "2025-11-03T02:01:50.798Z", "role": "coach", "phone": "23123123", "club": "ghormen", "email": "siislem@gmail.com", "groups": [], "user_permissions": []}}, {"model": "accounts.customuser", "pk": 27, "fields": {"password": "pbkdf2_sha256$600000$k0elJW9CflSW3cmKaSOuNy$cbjr2XElL/bhnANaPXmlbrakTGvLf/d7qiemEC7KcA4=", "last_login": null, "is_superuser": false, "username": "ghormen", "first_name": "", "last_name": "", "is_staff": false, "is_active": true, "date_joined": "2025-11-03T02:05:13.315Z", "role": "player", "phone": "+21623123123", "club": null, "email": "ghormen@gmail.com", "groups": [], "user_permissions": []}}, {"model": "accounts.coachprofile", "pk": 1, "fields": {"user": 11, "specialization": "Fitness", "years_of_experience": 5, "certification": "UEFA B", "status": "Active", "address": null, "notes": "Expert en prÚparation physique"}}, {"model": "accounts.playerprofile", "pk": 1, "fields": {"user": 16, "full_name": "Test Player", "height": 180.0, "weight": 75.0, "position": "Forward", "status": "Active", "group": "Team A", "subgroup": "Sub Team 1", "phone": "", "address": "", "notes": ""}}, {"model": "accounts.playerprofile", "pk": 2, "fields": {"user": 17, "full_name": "Test Player", "height": 180.0, "weight": 75.0, "position": "Forward", "status": "Active", "group": "Team A", "subgroup": "Sub Team 1", "phone": "", "address": "", "notes": ""}}, {"model": "accounts.playerprofile", "pk": 3, "fields": {"user": 18, "full_name": "Test Player", "height": 180.0, "weight": 75.0, "position": "Forward", "status": "Active", "group": "Team A", "subgroup": "Sub Team 1", "phone": "", "address": "", "notes": ""}}, {"model": "accounts.playerprofile", "pk": 4, "fields": {"user": 19, "full_name": "Test Player", "height": 180.0, "weight": 75.0, "position": "Forward", "status": "Active", "group": "Team A", "subgroup": "Sub Team 1", "phone": "", "address": "", "notes": ""}}, {"model": "accounts.playerprofile", "pk": 5, "fields": {"user": 20, "full_name": "Test Player", "height": 180.0, "weight": 75.0, "position": "Forward", "status": "Active", "group": "Team A", "subgroup": "Sub Team 1", "phone": "", "address": "", "notes": ""}}, {"model": "accounts.playerprofile", "pk": 6, "fields": {"user": 21, "full_name": "Test Player", "height": 180.0, "weight": 75.0, "position": "Forward", "status": "Active", "group": "Team A", "subgroup": "Sub Team 1", "phone": "", "address": "", "notes": ""}}, {"model": "accounts.playerprofile", "pk": 7, "fields": {"user": 24, "full_name": "islaam haajri", "height": 100.0, "weight": 30.0, "position": "Defender", "status": "Active", "group": "wxc", "subgroup": "", "phone": "54360161", "address": "tunisia", "notes": "gjhghh"}}, {"model": "accounts.playerprofile", "pk": 8, "fields": {"user": 27, "full_name": "city", "height": 175.0, "weight": 64.0, "position": "Forward", "status": "Active", "group": "cadet", "subgroup": "", "phone": "+21623123123", "address": "", "notes": ""}}]
